,title,link
0,11月越南渔船在南海的非法活动情况,http://mp.weixin.qq.com/s?__biz=MzU5Nzg1NDIxOQ==&mid=2247484677&idx=1&sn=59878ea2f0aa6b83d5cf652bb5557c33&chksm=fe4c5461c93bdd777041516363c144189380288bb381298d233f1d793625c05f55336b2dda2b#rd
1,写在东海防空识别区设立7周年：为何中国大陆未在南海划设防空识别区？,http://mp.weixin.qq.com/s?__biz=MzU5Nzg1NDIxOQ==&mid=2247484665&idx=1&sn=daca18eb92c968727c9a6021baed4032&chksm=fe4c559dc93bdc8ba86b6841448c3bec97162eb4d07123e5ebd0e8fb2be7f551cb0b6e84acd1#rd
2,究竟谁在虚构南海历史？,http://mp.weixin.qq.com/s?__biz=MzU5Nzg1NDIxOQ==&mid=2247484650&idx=1&sn=0634dff9c7c6b8dfc1c70abb8b4f2d09&chksm=fe4c558ec93bdc983bbf55fd09fb641c0073dab39ed294459b73ac05f542a3ac4ea919a9e8ca#rd
3,美版“军民融合”？美国防务公司侦察机赴中国周边地区抵近侦察的基本情况及意图,http://mp.weixin.qq.com/s?__biz=MzU5Nzg1NDIxOQ==&mid=2247484627&idx=1&sn=b468d5d34ae64101e0508184f200f1b3&chksm=fe4c55b7c93bdca145aeb37195a71704d22a462d8776ea67d770a8b13df4479f5f4bf437540d#rd
4,10月越南渔船在南海的非法活动情况,http://mp.weixin.qq.com/s?__biz=MzU5Nzg1NDIxOQ==&mid=2247484595&idx=1&sn=aa20a24f97ef7ff3db88f465508351cd&chksm=fe4c55d7c93bdcc1414a131adafd95852b8bae2a48153d73d00fe0bd13ab1da6412ea06b7a0d#rd
5,9月，美军60架次侦察机“顶风”前往中国近海侦察,http://mp.weixin.qq.com/s?__biz=MzU5Nzg1NDIxOQ==&mid=2247484580&idx=1&sn=2648f144eaaf844193a68ccdb0c35f3a&chksm=fe4c55c0c93bdcd61d63352e694bfc3e8f0ceda9ce53fcc040cae30cd4d3e3821da6cdcdfbad#rd
6,南海迎来捕捞旺季，越南渔船非法活动情况仍不容乐观,http://mp.weixin.qq.com/s?__biz=MzU5Nzg1NDIxOQ==&mid=2247484556&idx=1&sn=5cc25b71fc0e41d9ace7298e02e087d4&chksm=fe4c55e8c93bdcfeca7841d5d75fd0bd2ed7d7770162a9b846f466956233517efb1132bf5373#rd
7,美军侦察机伪装成他国客机加强对华侦察的线索与证据,http://mp.weixin.qq.com/s?__biz=MzU5Nzg1NDIxOQ==&mid=2247484540&idx=1&sn=0e8a64e63cb0d198979ef8deb0512139&chksm=fe4c5518c93bdc0e70b1c73b8202b9bb53cd3460c996b497600fca629eb089275ff29ce10bf2#rd
8,马克·瓦伦西亚：蓬佩奥的南海宣言将加剧地区紧张,http://mp.weixin.qq.com/s?__biz=MzU5Nzg1NDIxOQ==&mid=2247484511&idx=1&sn=b7c1297fb0438c41778e05d586d4732d&chksm=fe4c553bc93bdc2dba55b4d78f4ff3b1749f7da227f6289445d73c39045664976262d42fff4b#rd
9,8月，严管与台风并至，越南非法活动渔船数量骤减,http://mp.weixin.qq.com/s?__biz=MzU5Nzg1NDIxOQ==&mid=2247484486&idx=1&sn=fb6ab912b5fed51404d433f8b8363de2&chksm=fe4c5522c93bdc34c39e991bdcf5bd333c097208e0b2fb9b1676825114ed45e0fa445203fe0a#rd
10,越南渔船南海频频“碰瓷”引发危机,http://mp.weixin.qq.com/s?__biz=MzU5Nzg1NDIxOQ==&mid=2247484466&idx=1&sn=a06690610109e6a0f2d8e419fc47da15&chksm=fe4c5556c93bdc40a46c674f7276fae39f85a6dc7ca4693a6e6726d6b955b9aaa0a23897bdd0#rd
11,居高不下｜7月越南渔船在南海的非法活动情况,http://mp.weixin.qq.com/s?__biz=MzU5Nzg1NDIxOQ==&mid=2247484430&idx=1&sn=523c5c55caee38207bf2f407e10ca1ef&chksm=fe4c556ac93bdc7c868026990fbe5e35226c4bd178c33974166e64f5314639bf248798d607be#rd
12,7月，美军近70架次大型侦察机在南海活动,http://mp.weixin.qq.com/s?__biz=MzU5Nzg1NDIxOQ==&mid=2247484358&idx=1&sn=e2e8f962f4d1250804b6d68e0f2a254e&chksm=fe4c52a2c93bdbb4afad2009a7b78dc91e7d6cd6c1fa8b388dbffd52005ccccd0296cd6dc6ef#rd
13,中美在南海爆发军事冲突的可能性究竟有多大？,http://mp.weixin.qq.com/s?__biz=MzU5Nzg1NDIxOQ==&mid=2247484332&idx=1&sn=7dfd829432ae0aa5ec55928199bb1112&chksm=fe4c52c8c93bdbdef3a4c33a285c1aa66f655749d96f464117be9fbb6a07415bd762080e5393#rd
14,南海问题的谎言与真相｜评美高官近日涉南海言论,http://mp.weixin.qq.com/s?__biz=MzU5Nzg1NDIxOQ==&mid=2247484329&idx=1&sn=d42f30455bd89aa89cee3e1b8806a84c&chksm=fe4c52cdc93bdbdb3f68dbb2a0aeaf07b85c0911ca939607293e2e072d58f37438bedb6440e5#rd
15,6月越南非法活动渔船激增，大规模侵入广东水域,http://mp.weixin.qq.com/s?__biz=MzU5Nzg1NDIxOQ==&mid=2247484312&idx=1&sn=cf10ac61da6ad30174bf7ce7c405a903&chksm=fe4c52fcc93bdbea0e27f4e4be089065e5771e0ee97d3a8c2570f337f15ce7c20642ab375092#rd
16,外界无须忧心南海防空识别区,http://mp.weixin.qq.com/s?__biz=MzU5Nzg1NDIxOQ==&mid=2247484267&idx=1&sn=f3a8b3fff2a9867ae24027c97085151e&chksm=fe4c520fc93bdb198c5770f89b7abaad2ee7ac772e2a3b37ca5bfe9930dfd42a3ea9d53bfd34#rd
17,观察｜美军南海大国军事竞争的弦是否绷得太紧了？,http://mp.weixin.qq.com/s?__biz=MzU5Nzg1NDIxOQ==&mid=2247484247&idx=1&sn=fe5dc70cecd6813f3f3701817d67e164&chksm=fe4c5233c93bdb2500b7ab1dc33d943d4ed598d8fcf634b57c3dc2dcf4a39281004e5d79430e#rd
18,《中国南海各岛屿图》的国际法意义探微,http://mp.weixin.qq.com/s?__biz=MzU5Nzg1NDIxOQ==&mid=2247484224&idx=1&sn=fb35cfa359817f5b3ce1148c830cb542&chksm=fe4c5224c93bdb3251037c1d780b14e84506a757856739bf48c33dbed189abb7c064b74eed88#rd
19,中美南海军事竞争：真相与想象,http://mp.weixin.qq.com/s?__biz=MzU5Nzg1NDIxOQ==&mid=2247484201&idx=1&sn=a9b404b8055165acdf34306045156fb2&chksm=fe4c524dc93bdb5baec122222f96083917c5098df1fcd6aa2b64b0e241efdc819e41b8b0590b#rd
20,所谓中马“对峙”：马来西亚的南海战略困境,http://mp.weixin.qq.com/s?__biz=MzU5Nzg1NDIxOQ==&mid=2247484179&idx=1&sn=c2d0ff32bc64f55bfafdc3ef2ca2f117&chksm=fe4c5277c93bdb6152d998feef257ccf523ce7fa1d010e6201f282428dadc45c279987b5c06f#rd
21,越南如提起南海仲裁，中国会如何反应？,http://mp.weixin.qq.com/s?__biz=MzU5Nzg1NDIxOQ==&mid=2247484159&idx=1&sn=50cca6fde60fc0437e66886deb230fab&chksm=fe4c539bc93bda8d64976e516a3790bcec900f6596dfaac373f2e9e2775b8d8373dbe4a04528#rd
22,5月中国开启休渔期，越南渔船变本加厉,http://mp.weixin.qq.com/s?__biz=MzU5Nzg1NDIxOQ==&mid=2247484140&idx=1&sn=e0a332c3e0fe2385a98eb711a8f2b5a7&chksm=fe4c5388c93bda9e1e73f45d1076be9fe7a4bf5950efbb0afa5a7a90aeca59482dde5e587394#rd
23,由“表面中立”到“逢中必反”｜2009年以来美国在南海问题上的立场变化,http://mp.weixin.qq.com/s?__biz=MzU5Nzg1NDIxOQ==&mid=2247484070&idx=1&sn=2220a2de1f6e0038ae706b77afc4cba0&chksm=fe4c53c2c93bdad4a7e072397926e533a4de2817d52b8f32cc6eeabcde609083ed0ede7fa895#rd
24,越南渔船4月在南海非法活动情况,http://mp.weixin.qq.com/s?__biz=MzU5Nzg1NDIxOQ==&mid=2247484016&idx=1&sn=6e28fdfa3f1d6b877b49f721c3ae7600&chksm=fe4c5314c93bda0237007f1a03bbd1024bc060d1f8920db096375c842237ce0e59a571481bae#rd
25,南海的 “黑洞”——越南海上民兵,http://mp.weixin.qq.com/s?__biz=MzU5Nzg1NDIxOQ==&mid=2247484006&idx=1&sn=caacd4c5d888fa1b001532c147f0633d&chksm=fe4c5302c93bda14c60c199d3bd3e73b70a9d147a598fbb5cb5e468b54a8aa72750359f38492#rd
26,任何有损南海合作的单方举动都将毫无出路,http://mp.weixin.qq.com/s?__biz=MzU5Nzg1NDIxOQ==&mid=2247484006&idx=2&sn=2becd5fd30ffde7703bda6eb2748bee8&chksm=fe4c5302c93bda14fabcd37a0a89a3aeebd4d500e9b93f4d8465685060ae88fb724d334e2c6b#rd
27,越南渔船3月非法活动激增，在海南及整个南海,http://mp.weixin.qq.com/s?__biz=MzU5Nzg1NDIxOQ==&mid=2247483990&idx=1&sn=f43ea10d1309816f1b3c62be64d89e7d&chksm=fe4c5332c93bda24e665c4615237282bbab586ed69dbf3f505418994a0f701a6371eaa2ea21a#rd
28,【年度重磅】2019年美军南海军事活动不完全报告,http://mp.weixin.qq.com/s?__biz=MzU5Nzg1NDIxOQ==&mid=2247483979&idx=1&sn=c074156082cb62700778e5c2ebe31449&chksm=fe4c532fc93bda3912bebc2c41c7811b7a715cb07e7a6461e2bcdc84b10b5b69b8f10cd6ad53#rd
29,六大疑问及回应 | 关于越南渔船位海南岛海域的非法活动,http://mp.weixin.qq.com/s?__biz=MzU5Nzg1NDIxOQ==&mid=2247483965&idx=1&sn=94fea315d636a31ef145c03d9e2dab27&chksm=fe4c5359c93bda4f374928eeb113e42b1b02e1b288e45f63b4ce41673492197601d02e159ec0#rd
30,今日说法 | 谁能在纳土纳群岛附近海域捕鱼，如何捕鱼？,http://mp.weixin.qq.com/s?__biz=MzU5Nzg1NDIxOQ==&mid=2247483948&idx=1&sn=62f84b9c705aa82a0393f0f45d0269a4&chksm=fe4c5348c93bda5e21b6716a1756a2c45cf9b6ba9290c7d4c41f9422d419acb5061f8bd35633#rd
31,兼听则明 | 美智库：中业岛“危机”再爆发？SCSPI剖析所谓证据,http://mp.weixin.qq.com/s?__biz=MzU5Nzg1NDIxOQ==&mid=2247483939&idx=1&sn=4d79a9e85cb6deaf6ab26adfe4fac7c0&chksm=fe4c5347c93bda51959565b81deb682d04d6fb6caebd6d8a545a645e617f46bcb39d6943b303#rd
32,2月，311艘越南渔船入侵中国大陆及海南岛海域,http://mp.weixin.qq.com/s?__biz=MzU5Nzg1NDIxOQ==&mid=2247483931&idx=1&sn=3399928ca1ead691f0ad07801e765db7&chksm=fe4c537fc93bda690f3be78288c469e7b0bfbea14aa0b4509a29803f6ed06c14e7a90b6f43a2#rd
33,越南渔船包围海南岛？| 越南渔船海南非法活动情况报告（１）,http://mp.weixin.qq.com/s?__biz=MzU5Nzg1NDIxOQ==&mid=2247483917&idx=1&sn=ba7892eba2e829f95379a1751241eb33&chksm=fe4c5369c93bda7fbfbefa9c7b72f6fe33dbab735cc9e178e6c3731d047a8beb0a851b426299#rd
34,大年初一，“蒙哥马利”号闯永暑、赤瓜等岛礁行动细节,http://mp.weixin.qq.com/s?__biz=MzU5Nzg1NDIxOQ==&mid=2247483907&idx=1&sn=69eac35fa5782befa133e5dbbcbb77ac&chksm=fe4c5367c93bda711f4d3aa4c74bc4f51d0ea7a668c40434d78c70e323c66a27e0282de7c276#rd
35,域外国家在南海国际法上权益究竟几何,http://mp.weixin.qq.com/s?__biz=MzU5Nzg1NDIxOQ==&mid=2247483897&idx=1&sn=a9c36279e594eab84664c5a565c13d37&chksm=fe4c509dc93bd98b0d4410cd04976395864f99bc8d9bee8f8ea4adf78e291c8d0e3550aa1572#rd
36,南海问题排第几？| 越南、马来西亚发布国防白皮书,http://mp.weixin.qq.com/s?__biz=MzU5Nzg1NDIxOQ==&mid=2247483890&idx=1&sn=7d877333caa107d8e92cd22ef1e9a858&chksm=fe4c5096c93bd9802534de273dad6dfee83067b88919656d08dd01d432ee5c1915a251393594#rd
37,【年度重磅】| 2019年美军在南海及周边地区的军事演习,http://mp.weixin.qq.com/s?__biz=MzU5Nzg1NDIxOQ==&mid=2247483878&idx=1&sn=6a90b1139b46b513a3233f0d07a33300&chksm=fe4c5082c93bd994331f3fbc70bc0b63f3732eb8d050b42549d79a29ef6445dd4a32955b0739#rd
38,干货（一）| 美军在南海及周边地区大型演习介绍,http://mp.weixin.qq.com/s?__biz=MzU5Nzg1NDIxOQ==&mid=2247483878&idx=2&sn=7bc9f9306238c6f5b6485a0eba8a38f3&chksm=fe4c5082c93bd9941cf97dc1b643a2741cfde8f2465187b68727ff03d81a2e418ba9f39921e2#rd
39,干货（二）| 2019年美军在南海及周边地区军事演习情况不完全统计表,http://mp.weixin.qq.com/s?__biz=MzU5Nzg1NDIxOQ==&mid=2247483878&idx=3&sn=cc78f08377f03fbcd9630627315cbd45&chksm=fe4c5082c93bd9943ed5b711fb0589097d4570e440dd911ef52fa5f92578266b0778d1b3e338#rd
40,美海军南海闯岛新模式,http://mp.weixin.qq.com/s?__biz=MzU5Nzg1NDIxOQ==&mid=2247483816&idx=1&sn=0578505510b77fb9580860db99c1dd1f&chksm=fe4c50ccc93bd9dad78622df78a30b5bf6a8bb12ecdd0448a9e0cb9904812f7bdd157707330d#rd
41,首次！美海军濒海战斗舰在南海开展“航行自由行动”,http://mp.weixin.qq.com/s?__biz=MzU5Nzg1NDIxOQ==&mid=2247483816&idx=2&sn=ca73f16ee0d71c187087355171a71b3e&chksm=fe4c50ccc93bd9da0ede93e9c4376e31affaeaef66fc481962c022288e700ed7422b059964a1#rd
42,首次！美海军向南海同时部署两艘濒海战斗舰 |【美海军濒海战斗舰南海再部署】,http://mp.weixin.qq.com/s?__biz=MzU5Nzg1NDIxOQ==&mid=2247483813&idx=1&sn=90a6332b72d28db206c8553138271664&chksm=fe4c50c1c93bd9d733e73336f8e3009cd10fad1344adc69d51e7f46add29bf3cb712ac149cb8#rd
44,美国对华海上“灰色地带”行动,http://mp.weixin.qq.com/s?__biz=MzU5Nzg1NDIxOQ==&mid=2247483803&idx=1&sn=620908dc7a383e80721f493e62c27fdb&chksm=fe4c50ffc93bd9e9eedf4aaef3ff9ce1dce9b9aa57f80838d901981216a427e19f9efcc7d192#rd
45,南海问题和英国战略,http://mp.weixin.qq.com/s?__biz=MzU5Nzg1NDIxOQ==&mid=2247483798&idx=1&sn=3a351093a79abacf67bc974f8ec8d865&chksm=fe4c50f2c93bd9e4f69044caa94dfe0f281d967a3a8aaede4cf672020218a08b4ce4c1b79b93#rd
46,​​美海军“迈耶号”西南沙“航行自由行动”的战术特点及政策启示,http://mp.weixin.qq.com/s?__biz=MzU5Nzg1NDIxOQ==&mid=2247483780&idx=1&sn=a31573dd0da18d4bfad7625886512dd4&chksm=fe4c50e0c93bd9f6da6408950d7f600a8235855a3de1bf7dd802db08572ee06e32f298d6c786#rd


47,“双边对话协商”是妥善解决当前中越海上问题的唯一正确途径,http://mp.weixin.qq.com/s?__biz=MzU5Nzg1NDIxOQ==&mid=2247483772&idx=1&sn=ef583352a8175e45f3bb5b4175200508&chksm=fe4c5018c93bd90e53cf7abe4b6cf49cfa89b1a13b1592b3700d8e606ddf0c295ec48c5426ec#rd
48,海军不够，海警来凑 | 美国海岸警卫队近期在西太地区的兵力运用及意图,http://mp.weixin.qq.com/s?__biz=MzU5Nzg1NDIxOQ==&mid=2247483759&idx=1&sn=506e19830589e2c6fef304c8f92d7538&chksm=fe4c500bc93bd91db21359e5475f00c7c5aba3551a2b0c859f258b538a448e32d90543646b51#rd
49,南海渔业管理合作：挑战与机遇,http://mp.weixin.qq.com/s?__biz=MzU5Nzg1NDIxOQ==&mid=2247483745&idx=1&sn=34a2dd8cd19b56cdea54a01f38da7922&chksm=fe4c5005c93bd9138fbafe987748d13515a4d2430bcfc2b196d72de0159ee56bec14a9b5c823#rd
50,【高度关注】美国在南海的六类军事行动及其趋势,http://mp.weixin.qq.com/s?__biz=MzU5Nzg1NDIxOQ==&mid=2247483741&idx=1&sn=9bd54ca6adff71b104b0b830b75c90a8&chksm=fe4c5039c93bd92f3621baeeba587bd3dc06b3fd142a926398efe7212e98500947fd8208a122#rd
51,
特朗普政府激进台海政策背后的私人利益,http://mp.weixin.qq.com/s?__biz=MzU5Nzg1NDIxOQ==&mid=2247483730&idx=1&sn=3879b0bbf64a580064e09761b791d890&chksm=fe4c5036c93bd920b49dc9da7e5d234bddc71f262c970310674b17239790938cf71699d75a2e#rd
52,“立场”or“利益”| 美国“印太战略”的私有化,http://mp.weixin.qq.com/s?__biz=MzU5Nzg1NDIxOQ==&mid=2247483729&idx=1&sn=9cb79339888e512e1928e0980acfcbe5&chksm=fe4c5035c93bd923d4201e5b43aff3ffe1800ff231cf5654c1bc791ddc2214b35672aca41019#rd


3,【强化外围基地 加强前沿威慑】 | 美军近期南海军事行动分析和展望,http://mp.weixin.qq.com/s?__biz=MzU5Nzg1NDIxOQ==&mid=2247483715&idx=1&sn=5c3a53ddcd31c8f65219949f381d0173&chksm=fe4c5027c93bd93139244b89eeee7a42bb651c1424f69cfeee484760c30897d43b58fbc627c0#rd
54,2018年美军南海军事活动不完全报告,http://mp.weixin.qq.com/s?__biz=MzU5Nzg1NDIxOQ==&mid=2247483701&idx=1&sn=c3db264eac4867fe0e786af0b58d710a&chksm=fe4c5051c93bd947f9f7b834e19ef4cbe43cbe65abb1e0af0fec6585b9ea4ef54a3681ad2200#rd
55,南海问题中的公共议程及私人利益,http://mp.weixin.qq.com/s?__biz=MzU5Nzg1NDIxOQ==&mid=2247483679&idx=1&sn=e3d0774ec04af6d7cae5bae9e3a43b7d&chksm=fe4c507bc93bd96da6dc9c3b7e66853cfc67ee4caf8a5ddeb71385016c27ab5c9709f9217ddf#rd
56,中业岛“危机”的“虚”与“实”,http://mp.weixin.qq.com/s?__biz=MzU5Nzg1NDIxOQ==&mid=2247483672&idx=1&sn=0d434503e21c49a7bf47cee815574184&chksm=fe4c507cc93bd96a51aa60cb886968a6364a061c3bbb829f66c8a8dc06fa485cebd68b69fe73#rd
57,南海局势：回顾与展望,http://mp.weixin.qq.com/s?__biz=MzU5Nzg1NDIxOQ==&mid=2247483658&idx=1&sn=3276ce78fd904d86fe080feb863edc49&chksm=fe4c506ec93bd978c2cd5b657fddb8d599098ba50b819ff50e7f5e4f94b4035d8bfd6017e744#rd
